Name,Surname,Age,Profession,Gender
Jason,Mendoza,47,Fitness Trainer,Male
Daniel,Roberts,38,Insurance Agent,Male
William,Rivera,76,Call Center Agent,Male
Julie,Ramos,55,Customer Service Rep,Female
Alice,Hill,58,Plumber,Female
Sandra,Walker,65,Mechanical Engineer,Female
Megan,Young,24,Musician,Female
Anna,Peterson,49,Waiter,Female
Lisa,Lopez,20,Writer,Female
Nancy,Mitchell,33,Plumber,Female
Gloria,Johnson,31,Actor,Female
Anna,Hall,64,Civil Engineer,Female
Cheryl,Walker,33,Tour Guide,Female
Samantha,Brooks,56,Police Officer,Female
Austin,Roberts,44,Teacher,Male
Lisa,Williams,59,Military Officer,Female
Lawrence,Martin,46,Cashier,Male
Sean,Hill,63,Musician,Male
Jennifer,Smith,51,Veterinarian,Female
Sarah,Jones,60,Military Officer,Female
Michael,Mendoza,57,Chemist,Male
Janet,Phillips,42,Farmer,Female
Thomas,Morales,57,Mechanic,Male
Sharon,Morales,22,Real Estate Agent,Female
Henry,Carter,40,Firefighter,Male
Michelle,Martin,73,Biologist,Female
Charles,Rivera,44,Translator,Male
Jessica,Kim,40,Tour Guide,Female
Dennis,Allen,26,Lawyer,Male
Carolyn,Johnson,22,Mechanic,Female
Andrew,Lewis,52,Plumber,Male
Nicholas,Wilson,73,Researcher,Male
Peter,Bailey,57,Artist,Male
Christian,Smith,71,Teacher,Male
George,Campbell,19,Biologist,Male
Cynthia,Martin,39,Psychologist,Female
Matthew,Morgan,54,Musician,Male
Raymond,Gonzalez,42,Physicist,Male
Judy,Stewart,27,Mechanical Engineer,Female
Carolyn,Moore,21,Doctor,Female
Emma,Roberts,31,Architect,Female
Roger,Brown,30,Physicist,Male
Betty,Robinson,28,Bartender,Female
Betty,Martin,37,Actor,Female
Charles,White,75,Chemical Engineer,Male
George,Cooper,42,Data Scientist,Male
Sean,Price,62,Tour Guide,Male
Evelyn,Rivera,52,Paramedic,Female
Carl,Gonzalez,69,Writer,Male
Judy,Thompson,33,Delivery Driver,Female
Joe,Nguyen,54,Farmer,Male
Arthur,Johnson,75,Entrepreneur,Male
Steven,Davis,69,Fisherman,Male
Gerald,Gonzalez,74,Chemical Engineer,Male
Janice,Cooper,70,Photographer,Female
Susan,Green,39,Pilot,Female
Debra,Young,78,Data Scientist,Female
Jonathan,Hernandez,23,Paramedic,Male
Lawrence,Mendoza,29,Plumber,Male
Daniel,Smith,51,Photographer,Male
Angela,Watson,23,Architect,Female
Kenneth,Kim,38,Translator,Male
Anthony,Adams,23,Farmer,Male
Carol,Nguyen,79,Paramedic,Female
Pamela,Walker,71,Psychologist,Female
Roger,Cooper,36,Plumber,Male
George,Hughes,24,Construction Worker,Male
Michelle,Cooper,54,Social Worker,Female
William,Lopez,18,Mechanical Engineer,Male
Lawrence,White,35,Lawyer,Male
Christian,Rivera,56,Tour Guide,Male
Jonathan,Richardson,71,Firefighter,Male
Kathleen,Sanchez,54,Marketing Manager,Female
Elizabeth,Taylor,68,Researcher,Female
Mary,Jackson,37,Pilot,Female
Christopher,Johnson,45,Researcher,Male
Henry,Ruiz,39,HR Specialist,Male
Anthony,Hill,42,Chemist,Male
Janet,Lee,45,Doctor,Female
Jonathan,Stewart,24,Nurse,Male
Gregory,Wright,24,Waiter,Male
Samantha,Scott,37,Call Center Agent,Female
Melissa,Brooks,25,Electrician,Female
Helen,Taylor,58,Professor,Female
Robert,Evans,57,Dentist,Male
Scott,Murphy,70,Delivery Driver,Male
Carl,Lopez,38,Fitness Trainer,Male
Linda,James,26,HR Specialist,Female
Christian,Carter,66,DevOps Engineer,Male
Heather,Carter,33,Real Estate Agent,Female
Lisa,Richardson,48,Mechanical Engineer,Female
Andrea,Thompson,56,Editor,Female
Carolyn,Price,42,Director,Female
Samantha,Reed,41,Chemical Engineer,Female
David,Scott,51,Bartender,Male
Andrew,Hughes,34,Translator,Male
Douglas,Parker,75,Biologist,Male
Austin,Rogers,20,Director,Male
Albert,Price,38,Researcher,Male
William,Wright,34,Truck Driver,Male
